Pno,GuiltMoreLikely,GuiltLessLikely,NoInformation_Evidence,InnocentUntilProvenGuilty,Confound,Other
1,Agreement,Agreement,Agreement,Agreement,Agreement,Disagreement
3,Agreement,Disagreement,Disagreement,Disagreement,Agreement,Agreement
4,Agreement,Disagreement,Agreement,Agreement,Agreement,Agreement
6,Agreement,Disagreement,Agreement,Agreement,Agreement,Disagreement
7,Agreement,Agreement,Agreement,Agreement,Agreement,Agreement
8,Agreement,Agreement,Agreement,Agreement,Agreement,Disagreement
9,Agreement,Disagreement,Agreement,Agreement,Agreement,Agreement
10,Disagreement,Agreement,Agreement,Agreement,Agreement,Disagreement
11,Agreement,Agreement,Agreement,Agreement,Agreement,Agreement
12,Agreement,Disagreement,Agreement,Agreement,Agreement,Agreement
13,Agreement,Agreement,Agreement,Agreement,Disagreement,Disagreement
14,Agreement,Agreement,Agreement,Agreement,Agreement,Disagreement
15,Disagreement,Disagreement,Agreement,Agreement,Agreement,Agreement
17,Agreement,Agreement,Agreement,Agreement,Agreement,Disagreement
18,Agreement,Disagreement,Agreement,Agreement,Agreement,Disagreement
19,Agreement,Disagreement,Agreement,Agreement,Agreement,Agreement
21,Agreement,Disagreement,Agreement,Agreement,Agreement,Agreement
23,Agreement,Agreement,Agreement,Agreement,Agreement,Agreement
24,Agreement,Agreement,Agreement,Agreement,Agreement,Disagreement
25,Agreement,Agreement,Agreement,Agreement,Agreement,Agreement
26,Agreement,Agreement,Agreement,Agreement,Agreement,Agreement
27,Agreement,Disagreement,Agreement,Disagreement,Agreement,Disagreement
29,Agreement,Agreement,Agreement,Agreement,Agreement,Disagreement
30,Agreement,Disagreement,Agreement,Disagreement,Agreement,Agreement
31,Agreement,Disagreement,Agreement,Agreement,Agreement,Disagreement
33,Agreement,Agreement,Agreement,Agreement,Agreement,Disagreement
34,Agreement,Disagreement,Disagreement,Agreement,Agreement,Agreement
35,Agreement,Agreement,Agreement,Agreement,Agreement,Agreement
36,Agreement,Disagreement,Agreement,Agreement,Agreement,Agreement
37,Agreement,Agreement,Agreement,Agreement,Agreement,Disagreement
38,Agreement,Disagreement,Agreement,Agreement,Agreement,Agreement
39,Agreement,Agreement,Agreement,Agreement,Agreement,Agreement
40,Agreement,Agreement,Agreement,Disagreement,Agreement,Disagreement
42,Agreement,Agreement,Agreement,Agreement,Agreement,Agreement
44,Agreement,Agreement,Agreement,Agreement,Agreement,Agreement
45,Agreement,Disagreement,Agreement,Agreement,Agreement,Agreement
46,Agreement,Agreement,Agreement,Agreement,Agreement,Disagreement
47,Agreement,Disagreement,Agreement,Agreement,Agreement,Agreement
48,Agreement,Agreement,Agreement,Agreement,Agreement,Disagreement
49,Agreement,Agreement,Agreement,Agreement,Agreement,Disagreement
50,Agreement,Agreement,Agreement,Agreement,Agreement,Agreement
51,Agreement,Agreement,Agreement,Agreement,Agreement,Disagreement
52,Agreement,Agreement,Agreement,Agreement,Agreement,Agreement
53,Agreement,Agreement,Disagreement,Disagreement,Agreement,Agreement
54,Agreement,Agreement,Agreement,Agreement,Agreement,Disagreement
55,Agreement,Agreement,Disagreement,Agreement,Agreement,Agreement
56,Agreement,Agreement,Agreement,Agreement,Agreement,Agreement
57,Agreement,Agreement,Agreement,Agreement,Agreement,Agreement
58,Agreement,Agreement,Agreement,Agreement,Agreement,Agreement
59,Agreement,Agreement,Agreement,Agreement,Agreement,Agreement
60,Agreement,Disagreement,Disagreement,Agreement,Agreement,Agreement
61,Agreement,Agreement,Agreement,Agreement,Agreement,Disagreement
62,Agreement,Disagreement,Agreement,Agreement,Agreement,Agreement
63,Agreement,Agreement,Agreement,Agreement,Agreement,Agreement
64,Agreement,Agreement,Agreement,Agreement,Agreement,Agreement
65,Agreement,Agreement,Disagreement,Agreement,Agreement,Agreement
66,Agreement,Agreement,Agreement,Agreement,Agreement,Disagreement
67,Agreement,Agreement,Agreement,Disagreement,Agreement,Agreement
68,Agreement,Agreement,Agreement,Agreement,Agreement,Agreement
69,Agreement,Agreement,Agreement,Agreement,Agreement,Agreement
70,Agreement,Agreement,Agreement,Agreement,Agreement,Agreement
71,Agreement,Disagreement,Disagreement,Agreement,Agreement,Agreement
72,Agreement,Agreement,Agreement,Agreement,Agreement,Agreement
73,Agreement,Agreement,Agreement,Agreement,Agreement,Agreement
74,Agreement,Agreement,Agreement,Agreement,Agreement,Agreement
76,Agreement,Agreement,Agreement,Agreement,Agreement,Agreement
77,Agreement,Agreement,Agreement,Agreement,Agreement,Disagreement
78,Agreement,Disagreement,Agreement,Agreement,Agreement,Agreement
79,Agreement,Agreement,Disagreement,Agreement,Agreement,Disagreement
80,Agreement,Agreement,Agreement,Agreement,Agreement,Agreement
81,Agreement,Agreement,Agreement,Agreement,Agreement,Agreement
82,Agreement,Agreement,Agreement,Agreement,Agreement,Disagreement
83,Agreement,Disagreement,Agreement,Agreement,Agreement,Disagreement
84,Agreement,Agreement,Agreement,Agreement,Agreement,Agreement
85,Agreement,Agreement,Disagreement,Agreement,Agreement,Agreement
86,Agreement,Disagreement,Agreement,Agreement,Agreement,Disagreement
87,Agreement,Disagreement,Agreement,Disagreement,Agreement,Agreement
88,Agreement,Agreement,Agreement,Agreement,Agreement,Agreement
89,Agreement,Agreement,Agreement,Agreement,Agreement,Agreement
90,Agreement,Agreement,Agreement,Agreement,Agreement,Disagreement
91,Disagreement,Agreement,Agreement,Agreement,Agreement,Disagreement
92,Agreement,Agreement,Agreement,Agreement,Agreement,Disagreement
93,Agreement,Agreement,Agreement,Agreement,Agreement,Agreement
94,Agreement,Agreement,Agreement,Agreement,Agreement,Disagreement
95,Agreement,Agreement,Agreement,Agreement,Agreement,Agreement
96,Agreement,Agreement,Agreement,Agreement,Agreement,Disagreement
97,Agreement,Agreement,Agreement,Agreement,Agreement,Agreement
98,Agreement,Agreement,Agreement,Agreement,Disagreement,Disagreement
99,Agreement,Agreement,Agreement,Agreement,Agreement,Agreement
100,Agreement,Agreement,Agreement,Agreement,Agreement,Agreement
101,Agreement,Agreement,Agreement,Disagreement,Agreement,Agreement
102,Agreement,Agreement,Agreement,Agreement,Agreement,Agreement
103,Agreement,Agreement,Agreement,Agreement,Agreement,Disagreement
105,Agreement,Agreement,Agreement,Disagreement,Agreement,Disagreement
106,Agreement,Agreement,Agreement,Agreement,Agreement,Disagreement
108,Agreement,Agreement,Agreement,Agreement,Agreement,Agreement
109,Disagreement,Agreement,Agreement,Agreement,Agreement,Agreement
110,Agreement,Agreement,Disagreement,Agreement,Agreement,Agreement
111,Agreement,Agreement,Agreement,Agreement,Agreement,Agreement
112,Agreement,Agreement,Agreement,Agreement,Agreement,Agreement
113,Agreement,Agreement,Agreement,Agreement,Agreement,Disagreement
114,Agreement,Agreement,Agreement,Agreement,Agreement,Agreement
115,Agreement,Agreement,Disagreement,Agreement,Agreement,Agreement
116,Agreement,Agreement,Agreement,Agreement,Agreement,Agreement
117,Agreement,Agreement,Agreement,Agreement,Agreement,Agreement
118,Agreement,Agreement,Disagreement,Agreement,Agreement,Agreement
119,Agreement,Agreement,Agreement,Agreement,Agreement,Agreement
120,Agreement,Agreement,Agreement,Agreement,Agreement,Agreement
121,Agreement,Agreement,Agreement,Agreement,Agreement,Disagreement
122,Agreement,Agreement,Agreement,Agreement,Agreement,Agreement
123,Agreement,Agreement,Agreement,Agreement,Agreement,Agreement
124,Agreement,Agreement,Agreement,Agreement,Agreement,Agreement
125,Agreement,Agreement,Agreement,Agreement,Agreement,Agreement
126,Agreement,Agreement,Agreement,Agreement,Agreement,Disagreement
127,Agreement,Agreement,Agreement,Agreement,Agreement,Agreement
128,Disagreement,Agreement,Agreement,Agreement,Agreement,Agreement
129,Agreement,Agreement,Agreement,Agreement,Agreement,Agreement
130,Agreement,Agreement,Agreement,Agreement,Agreement,Agreement
131,Agreement,Agreement,Agreement,Agreement,Agreement,Agreement
132,Agreement,Agreement,Agreement,Agreement,Agreement,Disagreement
133,Disagreement,Agreement,Agreement,Agreement,Agreement,Disagreement
134,Agreement,Agreement,Agreement,Agreement,Agreement,Disagreement
135,Agreement,Agreement,Agreement,Agreement,Agreement,Agreement
136,Agreement,Agreement,Agreement,Disagreement,Agreement,Disagreement
137,Agreement,Agreement,Agreement,Agreement,Agreement,Agreement
138,Agreement,Agreement,Agreement,Agreement,Agreement,Agreement
139,Agreement,Agreement,Agreement,Agreement,Agreement,Disagreement
140,Agreement,Agreement,Agreement,Agreement,Agreement,Agreement
141,Agreement,Agreement,Agreement,Agreement,Agreement,Agreement
142,Agreement,Agreement,Agreement,Agreement,Agreement,Agreement
143,Disagreement,Agreement,Agreement,Agreement,Agreement,Agreement
144,Agreement,Agreement,Agreement,Agreement,Agreement,Agreement
145,Agreement,Agreement,Agreement,Agreement,Agreement,Agreement
146,Agreement,Agreement,Agreement,Agreement,Agreement,Agreement
147,Agreement,Agreement,Agreement,Agreement,Agreement,Disagreement
148,Agreement,Agreement,Agreement,Agreement,Agreement,Disagreement
149,Disagreement,Agreement,Agreement,Agreement,Agreement,Agreement
150,Disagreement,Disagreement,Agreement,Agreement,Agreement,Agreement
151,Agreement,Agreement,Agreement,Agreement,Agreement,Agreement
152,Disagreement,Agreement,Agreement,Agreement,Agreement,Disagreement
153,Disagreement,Agreement,Agreement,Agreement,Agreement,Disagreement
154,Agreement,Agreement,Agreement,Agreement,Agreement,Agreement
155,Agreement,Agreement,Agreement,Agreement,Agreement,Agreement
156,Disagreement,Agreement,Agreement,Agreement,Agreement,Disagreement
157,Agreement,Agreement,Agreement,Agreement,Agreement,Disagreement
158,Agreement,Agreement,Agreement,Agreement,Agreement,Disagreement
159,Agreement,Agreement,Agreement,Agreement,Agreement,Agreement
160,Agreement,Agreement,Agreement,Agreement,Agreement,Agreement
161,Agreement,Agreement,Agreement,Agreement,Agreement,Agreement
162,Agreement,Agreement,Agreement,Agreement,Agreement,Agreement
163,Agreement,Agreement,Agreement,Agreement,Agreement,Agreement
164,Agreement,Agreement,Agreement,Agreement,Agreement,Agreement
165,Agreement,Agreement,Agreement,Agreement,Agreement,Agreement
166,Agreement,Agreement,Agreement,Agreement,Agreement,Agreement
167,Disagreement,Agreement,Agreement,Agreement,Agreement,Disagreement
168,Agreement,Agreement,Agreement,Agreement,Agreement,Agreement
169,Disagreement,Agreement,Agreement,Agreement,Agreement,Agreement
170,Agreement,Agreement,Agreement,Agreement,Agreement,Agreement
171,Agreement,Agreement,Agreement,Agreement,Agreement,Agreement
172,Disagreement,Agreement,Agreement,Agreement,Agreement,Agreement
173,Agreement,Agreement,Agreement,Agreement,Agreement,Agreement
174,Agreement,Agreement,Agreement,Agreement,Agreement,Disagreement
175,Agreement,Agreement,Agreement,Agreement,Agreement,Disagreement
176,Agreement,Agreement,Agreement,Agreement,Agreement,Agreement
177,Disagreement,Agreement,Agreement,Agreement,Agreement,Agreement
178,Agreement,Agreement,Agreement,Agreement,Agreement,Agreement
179,Agreement,Agreement,Agreement,Agreement,Agreement,Agreement
180,Disagreement,Agreement,Agreement,Agreement,Agreement,Agreement
181,Agreement,Agreement,Agreement,Agreement,Agreement,Disagreement
182,Agreement,Agreement,Agreement,Agreement,Agreement,Agreement
183,Disagreement,Agreement,Agreement,Agreement,Agreement,Agreement
184,Agreement,Agreement,Agreement,Agreement,Agreement,Agreement
185,Agreement,Agreement,Agreement,Agreement,Agreement,Agreement
186,Agreement,Agreement,Agreement,Agreement,Agreement,Disagreement
187,Agreement,Agreement,Agreement,Agreement,Agreement,Disagreement
188,Agreement,Agreement,Agreement,Agreement,Agreement,Disagreement
190,Agreement,Agreement,Agreement,Agreement,Disagreement,Agreement
191,Agreement,Agreement,Agreement,Agreement,Agreement,Disagreement
192,Agreement,Agreement,Disagreement,Disagreement,Agreement,Disagreement
193,Agreement,Agreement,Agreement,Agreement,Agreement,Agreement
194,Agreement,Agreement,Agreement,Agreement,Disagreement,Disagreement
195,Agreement,Agreement,Agreement,Agreement,Agreement,Disagreement
196,Agreement,Agreement,Agreement,Agreement,Agreement,Disagreement
197,Agreement,Agreement,Agreement,Agreement,Disagreement,Agreement
198,Agreement,Agreement,Agreement,Disagreement,Agreement,Disagreement
199,Agreement,Agreement,Agreement,Agreement,Agreement,Agreement
200,Agreement,Agreement,Agreement,Agreement,Agreement,Agreement
201,Agreement,Agreement,Agreement,Agreement,Disagreement,Disagreement
202,Agreement,Agreement,Agreement,Agreement,Agreement,Disagreement
203,Agreement,Agreement,Agreement,Agreement,Disagreement,Agreement
204,Agreement,Agreement,Agreement,Agreement,Agreement,Disagreement
205,Agreement,Agreement,Disagreement,Agreement,Agreement,Agreement
206,Agreement,Disagreement,Agreement,Agreement,Agreement,Agreement
207,Agreement,Agreement,Agreement,Agreement,Agreement,Disagreement
208,Agreement,Agreement,Agreement,Disagreement,Agreement,Agreement
209,Agreement,Agreement,Agreement,Agreement,Agreement,Agreement
210,Agreement,Agreement,Agreement,Agreement,Agreement,Agreement
211,Agreement,Agreement,Agreement,Agreement,Agreement,Agreement
212,Agreement,Agreement,Agreement,Agreement,Agreement,Disagreement
213,Agreement,Agreement,Agreement,Agreement,Agreement,Agreement
214,Agreement,Agreement,Agreement,Agreement,Agreement,Agreement
215,Agreement,Agreement,Disagreement,Agreement,Agreement,Agreement
216,Agreement,Agreement,Agreement,Agreement,Agreement,Agreement
217,Agreement,Agreement,Agreement,Agreement,Agreement,Agreement
218,Agreement,Agreement,Agreement,Agreement,Agreement,Agreement
219,Agreement,Agreement,Agreement,Agreement,Agreement,Disagreement
220,Agreement,Agreement,Disagreement,Disagreement,Agreement,Agreement
221,Agreement,Agreement,Agreement,Agreement,Agreement,Agreement
222,Agreement,Agreement,Disagreement,Agreement,Agreement,Agreement
223,Agreement,Agreement,Disagreement,Agreement,Agreement,Disagreement
224,Agreement,Agreement,Agreement,Agreement,Agreement,Agreement
225,Agreement,Agreement,Agreement,Agreement,Agreement,Agreement
226,Agreement,Agreement,Disagreement,Agreement,Disagreement,Agreement
227,Agreement,Agreement,Disagreement,Agreement,Agreement,Disagreement
228,Agreement,Agreement,Disagreement,Disagreement,Agreement,Agreement
229,Agreement,Agreement,Disagreement,Agreement,Agreement,Agreement
230,Agreement,Agreement,Agreement,Agreement,Agreement,Agreement
231,Agreement,Agreement,Disagreement,Agreement,Agreement,Agreement
232,Agreement,Agreement,Agreement,Agreement,Agreement,Disagreement
233,Agreement,Agreement,Agreement,Agreement,Agreement,Agreement
234,Agreement,Agreement,Agreement,Agreement,Agreement,Agreement
235,Agreement,Agreement,Disagreement,Agreement,Agreement,Disagreement
236,Agreement,Agreement,Agreement,Agreement,Agreement,Agreement
237,Agreement,Agreement,Agreement,Agreement,Agreement,Agreement
238,Agreement,Agreement,Agreement,Agreement,Agreement,Disagreement
239,Agreement,Agreement,Agreement,Disagreement,Agreement,Disagreement
240,Agreement,Agreement,Agreement,Agreement,Agreement,Agreement
241,Agreement,Agreement,Disagreement,Agreement,Agreement,Disagreement
242,Agreement,Agreement,Disagreement,Agreement,Agreement,Agreement
243,Agreement,Agreement,Disagreement,Agreement,Agreement,Agreement
244,Agreement,Agreement,Agreement,Agreement,Agreement,Agreement
245,Agreement,Disagreement,Agreement,Agreement,Agreement,Agreement
246,Agreement,Agreement,Agreement,Agreement,Agreement,Disagreement
247,Agreement,Agreement,Agreement,Agreement,Agreement,Disagreement
248,Agreement,Agreement,Agreement,Agreement,Agreement,Agreement
250,Agreement,Agreement,Agreement,Agreement,Agreement,Disagreement
251,Agreement,Agreement,Agreement,Agreement,Agreement,Disagreement
252,Agreement,Disagreement,Agreement,Agreement,Agreement,Disagreement
253,Disagreement,Agreement,Agreement,Agreement,Agreement,Disagreement
254,Agreement,Agreement,Agreement,Agreement,Agreement,Disagreement
255,Agreement,Agreement,Disagreement,Agreement,Agreement,Agreement
256,Agreement,Agreement,Agreement,Agreement,Agreement,Agreement
257,Agreement,Agreement,Agreement,Agreement,Agreement,Disagreement
258,Agreement,Agreement,Agreement,Agreement,Agreement,Agreement
259,Agreement,Agreement,Agreement,Agreement,Agreement,Disagreement
260,Agreement,Agreement,Agreement,Agreement,Agreement,Agreement
261,Agreement,Agreement,Agreement,Agreement,Agreement,Disagreement
262,Agreement,Agreement,Disagreement,Agreement,Agreement,Disagreement
263,Agreement,Agreement,Agreement,Agreement,Agreement,Agreement
264,Agreement,Agreement,Agreement,Agreement,Agreement,Disagreement
265,Agreement,Agreement,Agreement,Agreement,Agreement,Disagreement
266,Agreement,Agreement,Agreement,Agreement,Agreement,Disagreement
267,Agreement,Agreement,Agreement,Agreement,Agreement,Disagreement
268,Agreement,Agreement,Agreement,Agreement,Disagreement,Agreement
269,Agreement,Agreement,Agreement,Agreement,Agreement,Disagreement
270,Agreement,Agreement,Agreement,Agreement,Agreement,Agreement
271,Agreement,Agreement,Agreement,Agreement,Agreement,Agreement
272,Agreement,Agreement,Agreement,Agreement,Agreement,Agreement
273,Agreement,Agreement,Agreement,Agreement,Agreement,Disagreement
274,Agreement,Agreement,Disagreement,Agreement,Agreement,Agreement
275,Disagreement,Agreement,Agreement,Agreement,Agreement,Disagreement
276,Agreement,Agreement,Agreement,Agreement,Agreement,Agreement
277,Agreement,Agreement,Disagreement,Agreement,Agreement,Disagreement
278,Agreement,Agreement,Agreement,Disagreement,Agreement,Disagreement
279,Agreement,Agreement,Agreement,Agreement,Agreement,Disagreement
280,Agreement,Agreement,Agreement,Agreement,Agreement,Agreement
281,Agreement,Agreement,Disagreement,Agreement,Agreement,Disagreement
282,Agreement,Agreement,Agreement,Agreement,Agreement,Disagreement
283,Agreement,Agreement,Agreement,Agreement,Agreement,Agreement
284,Agreement,Agreement,Agreement,Agreement,Agreement,Disagreement
285,Agreement,Agreement,Agreement,Agreement,Agreement,Agreement
286,Agreement,Agreement,Agreement,Agreement,Agreement,Agreement
287,Agreement,Agreement,Agreement,Agreement,Agreement,Disagreement
288,Agreement,Agreement,Agreement,Agreement,Agreement,Agreement
289,Agreement,Agreement,Agreement,Agreement,Agreement,Agreement
290,Agreement,Agreement,Agreement,Agreement,Agreement,Agreement
291,Agreement,Agreement,Disagreement,Agreement,Agreement,Disagreement
292,Agreement,Agreement,Agreement,Agreement,Agreement,Agreement
293,Agreement,Agreement,Agreement,Agreement,Agreement,Agreement
294,Agreement,Agreement,Agreement,Agreement,Agreement,Agreement
296,Agreement,Agreement,Agreement,Agreement,Agreement,Agreement
297,Agreement,Agreement,Agreement,Agreement,Disagreement,Disagreement
298,Agreement,Agreement,Disagreement,Agreement,Agreement,Agreement
299,Agreement,Agreement,Agreement,Agreement,Agreement,Agreement
300,Agreement,Agreement,Disagreement,Agreement,Agreement,Agreement
301,Agreement,Agreement,Disagreement,Disagreement,Agreement,Agreement
302,Agreement,Agreement,Disagreement,Agreement,Agreement,Agreement
303,Agreement,Agreement,Agreement,Agreement,Disagreement,Agreement
304,Agreement,Agreement,Agreement,Agreement,Agreement,Disagreement
305,Agreement,Agreement,Agreement,Agreement,Agreement,Disagreement
306,Agreement,Agreement,Agreement,Agreement,Agreement,Agreement
307,Agreement,Agreement,Agreement,Agreement,Agreement,Agreement
308,Agreement,Agreement,Agreement,Disagreement,Agreement,Agreement
309,Agreement,Agreement,Agreement,Disagreement,Agreement,Disagreement
310,Agreement,Agreement,Agreement,Agreement,Agreement,Agreement
311,Agreement,Agreement,Agreement,Agreement,Agreement,Agreement
312,Agreement,Agreement,Agreement,Agreement,Agreement,Agreement
313,Agreement,Agreement,Agreement,Agreement,Agreement,Agreement
314,Agreement,Agreement,Disagreement,Agreement,Agreement,Disagreement
315,Agreement,Agreement,Agreement,Agreement,Disagreement,Agreement
316,Agreement,Agreement,Agreement,Agreement,Agreement,Disagreement
317,Agreement,Agreement,Agreement,Agreement,Agreement,Agreement
318,Disagreement,Agreement,Agreement,Agreement,Disagreement,Agreement
319,Agreement,Agreement,Agreement,Agreement,Disagreement,Disagreement
320,Agreement,Agreement,Agreement,Agreement,Agreement,Disagreement
321,Agreement,Agreement,Agreement,Agreement,Agreement,Agreement
322,Agreement,Agreement,Agreement,Agreement,Disagreement,Disagreement
323,Agreement,Agreement,Agreement,Agreement,Agreement,Agreement
324,Agreement,Agreement,Agreement,Agreement,Agreement,Agreement
325,Agreement,Agreement,Agreement,Agreement,Agreement,Agreement
326,Agreement,Agreement,Agreement,Agreement,Agreement,Disagreement
327,Agreement,Agreement,Agreement,Agreement,Agreement,Disagreement
329,Agreement,Agreement,Agreement,Agreement,Disagreement,Disagreement
330,Disagreement,Agreement,Agreement,Agreement,Agreement,Disagreement
331,Agreement,Agreement,Disagreement,Agreement,Agreement,Agreement
332,Agreement,Agreement,Agreement,Agreement,Agreement,Agreement
333,Agreement,Agreement,Agreement,Agreement,Agreement,Disagreement
334,Agreement,Agreement,Agreement,Agreement,Agreement,Agreement
335,Agreement,Agreement,Agreement,Agreement,Agreement,Agreement
336,Agreement,Agreement,Agreement,Agreement,Agreement,Agreement
337,Agreement,Agreement,Agreement,Agreement,Agreement,Disagreement
338,Agreement,Agreement,Disagreement,Agreement,Agreement,Disagreement
340,Agreement,Agreement,Disagreement,Agreement,Agreement,Disagreement
341,Agreement,Agreement,Agreement,Agreement,Disagreement,Agreement
342,Agreement,Agreement,Agreement,Agreement,Agreement,Agreement
343,Agreement,Agreement,Agreement,Agreement,Disagreement,Disagreement
344,Agreement,Agreement,Agreement,Agreement,Agreement,Agreement
345,Disagreement,Agreement,Agreement,Agreement,Agreement,Disagreement
346,Agreement,Agreement,Agreement,Agreement,Agreement,Disagreement
347,Agreement,Agreement,Agreement,Agreement,Agreement,Agreement
348,Agreement,Agreement,Agreement,Agreement,Agreement,Agreement
349,Agreement,Agreement,Agreement,Agreement,Agreement,Disagreement
350,Agreement,Agreement,Agreement,Agreement,Disagreement,Disagreement
351,Disagreement,Agreement,Agreement,Agreement,Disagreement,Agreement
352,Agreement,Agreement,Agreement,Agreement,Agreement,Agreement
353,Disagreement,Agreement,Agreement,Agreement,Disagreement,Agreement
354,Agreement,Agreement,Agreement,Agreement,Agreement,Agreement
355,Agreement,Agreement,Agreement,Agreement,Agreement,Disagreement
356,Disagreement,Agreement,Agreement,Agreement,Disagreement,Agreement
357,Disagreement,Agreement,Agreement,Agreement,Agreement,Agreement
358,Disagreement,Agreement,Agreement,Agreement,Agreement,Agreement
359,Agreement,Agreement,Agreement,Disagreement,Agreement,Disagreement
360,Agreement,Agreement,Agreement,Agreement,Agreement,Agreement
361,Agreement,Agreement,Agreement,Agreement,Agreement,Disagreement
362,Agreement,Agreement,Agreement,Agreement,Agreement,Agreement
363,Agreement,Agreement,Agreement,Agreement,Agreement,Disagreement
